{
  "mongoURI": "mongodb+srv://saleeshprakash:saleesh123@cluster0-hoiti.mongodb.net/ricengrills?retryWrites=true&w=majority",
  "SENDGRID_API_KEY": "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",
  "ADMIN_FROM_EMAIL": "info@ricengrills.com.au",
  "SCHEDULED_BOOKING_ID_PREFIX": "RNG-SCHBKNG-",
  "SCHEDULED_BOOKING_ID_START": 1000,
  "REALTIME_BOOKING_ID_PREFIX": "RNG-RTMBKNG-",
  "REALTIME_BOOKING_ID_START": 1000,
  "BULK_BOOKING_ID_PREFIX": "RNG-BLKBKNG-",
  "BULK_BOOKING_ID_START": 1000,
  "COLLECTIONPOINT_BOOKING_ID_PREFIX": "RNG-COLCPNT-",
  "COLLECTIONPOINT_BOOKING_ID_START": 1000,
  "fcm": "AAAAQISVWv0:APA91bGB1OfQmk-txJmAzilGhb7s29KcAZ69pAWZbUX_MDtv2czcEU4HZZEqzzMWVT8RTRSVXMFtklzUm24WQKAFKctnepIs4kTymRzjGJrN5wo5QZXiBCFAzzHawtTv2bEWOfrDNVl4",
  "FCM_SERVER_KEY": "AAAAZhg71yg:APA91bFcHwcFlQ8zDlwj5CRGBwU1ijybg_si8s2590kcHqAnDF2gakJzb5HdMHbbvQseNXLtKTK-Xvf2emlZsenMEiq_53tl3Zje4PyzcRmAKmBZPdThMzAUmnzkai07JVk14HMsd8J3",
  "SQUARE_TOKEN": "EAAAEJD8Cj5Hh1cubxJGbmeDFa0Fn-LsFAChmLy0pbWRCVy_d2k9ugVX0lO6irGK",
  "SQUARE_LOCATION": "LGQ3JD10JMY4P",
  "MSG_SENDERID": "RICENGRILLS",
  "SITE_URL": "https://ricengrills.com.au/",
  "CLICKSEND_USERNAME": "info@ricengrills.com.au",
  "CLICKSEND_APIKEY": "E94B24C8-D35B-51DC-A134-A049531C2941",
  "CLICKSEND_EMAIL_ADDRESS_ID": 14249,
  "PROJECT_NAME": "RICENGRILLS",
  "SQUARE_ENV" : "DEMO",
  "PAYPAL_CLIENT_ID": "AX2IwTrvucSaLbRm6tYYdP_kIz2erTzOb2szWl6DDw0s472S7GKiEtMpCd75wxn6mdTzAVWcMtjH03Ht",
  "PAYPAL_CLIENT_SECRET":"EEI8r6FqFVJkTdk8gOcMYtvkKY0fNBYcR_t9pl2YKkSk5uCHTETNbHsxrLqa43JYw4Nz_NBAg3XsPOhC",
  "PAYPAL_ENV" : "DEMO",
  "BT_MerchantId": "kjktfg2jfkxhjpfx",
  "BT_PublicKey": "h944yx22bmdgkv95",
  "BT_PrivateKey": "8439aca03f06265fb19762ad8e3d050d"
}