{
    "mongoURI": "mongodb+srv://ricengrills-db-admin:A39A8HeAskKCLofX@cluster0.zclgm.mongodb.net/ricengrills?retryWrites=true&w=majority",
    "SENDGRID_API_KEY": "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",
    "ADMIN_FROM_EMAIL": "info@ricengrills.com.au",
    "SCHEDULED_BOOKING_ID_PREFIX": "RNG-SCHBKNG-",
    "SCHEDULED_BOOKING_ID_START": 1000,
    "REALTIME_BOOKING_ID_PREFIX": "RNG-RTMBKNG-",
    "REALTIME_BOOKING_ID_START": 1000,
    "BULK_BOOKING_ID_PREFIX": "RNG-BLKBKNG-",
    "BULK_BOOKING_ID_START": 1000,
    "COLLECTIONPOINT_BOOKING_ID_PREFIX": "RNG-COLCPNT-",
    "COLLECTIONPOINT_BOOKING_ID_START": 1000,
    "fcm": "AAAAQISVWv0:APA91bGB1OfQmk-txJmAzilGhb7s29KcAZ69pAWZbUX_MDtv2czcEU4HZZEqzzMWVT8RTRSVXMFtklzUm24WQKAFKctnepIs4kTymRzjGJrN5wo5QZXiBCFAzzHawtTv2bEWOfrDNVl4",
    "FCM_SERVER_KEY": "AAAAZhg71yg:APA91bFcHwcFlQ8zDlwj5CRGBwU1ijybg_si8s2590kcHqAnDF2gakJzb5HdMHbbvQseNXLtKTK-Xvf2emlZsenMEiq_53tl3Zje4PyzcRmAKmBZPdThMzAUmnzkai07JVk14HMsd8J3",
    "SQUARE_TOKEN": "EAAAEJMXs7Ek2uR6qNFUuBv5fSpNwzE7U-dpO322IECMOvghaOnAVKtFNAtdPUp2",
    "SQUARE_LOCATION": "LFR6AF07X4DFQ",
    "MSG_SENDERID": "RICENGRILLS",
    "SITE_URL": "https://ricengrills.com.au/",
    "CLICKSEND_USERNAME": "info@ricengrills.com.au",
    "CLICKSEND_APIKEY": "E94B24C8-D35B-51DC-A134-A049531C2941",
    "CLICKSEND_EMAIL_ADDRESS_ID": 14249,
    "PROJECT_NAME": "RICENGRILLS",
    "SQUARE_ENV" : "LIVE",
    "PAYPAL_CLIENT_ID": "ASMmV7eyE_MYbK7-em9zXxgTSJUqMrvdLGUK9KPQRDVV6KrllOABW0c1QizNXI0ntkFdxvvOcYgnDo_v",
    "PAYPAL_CLIENT_SECRET":"EI0LHe8jqMHoa2P4UiLaN2MHjr8XycYr_WLcXsXtQtmprpYJoszn1KAo2YcdUIriRzdiK4gUvkNlV6SA",
    "PAYPAL_ENV" : "LIVE",
    "BT_MerchantId": "kjktfg2jfkxhjpfx",
    "BT_PublicKey": "h944yx22bmdgkv95",
    "BT_PrivateKey": "8439aca03f06265fb19762ad8e3d050d"
  }